,YEAR,BEEF,DAIRY
0,2014,635274.5358224933,-656333.7649421176
1,2015,620252.5863619897,-651523.6202595573
2,2016,639593.7683449539,-639356.4965030262
3,2017,646811.6229140356,-632832.2174776973
4,2018,645876.2872488752,-635406.3978898518
5,2019,664637.5524581516,-639173.5429700828
6,2020,655260.7215664253,-653081.0346745912
